{"word_counts": {"Bad Words": 828, "Political Words": 10285, "Potential Misinfo": 274}, "top_bad_words": {"labels": ["fuck", "shit", "fucking", "fucks", "bullshit", "hell", "racist", "ass", "idiots", "damn", "fucked", "stupid", "Fucking", "disgusting", "morons", "fuckin", "crap", "kill", "bitch", "screwed"], "counts": [70, 65, 59, 49, 15, 14, 10, 8, 8, 7, 7, 7, 7, 6, 6, 5, 4, 4, 4, 4]}, "top_political_words": {"labels": ["Trump", "Democrats", "Musk", "Biden", "Republicans", "Republican", "GOP", "socialism", "socialist", "MAGA", "Ukraine", "capitalism", "DEI", "China", "fascism", "Elon Musk", "conservative", "Putin", "government", "fascist"], "counts": [2530, 305, 171, 167, 146, 129, 125, 96, 95, 81, 74, 72, 71, 71, 67, 64, 64, 61, 60, 56]}, "top_misinfo": {"labels": ["misinformation", "fraud", "coup", "election fraud", "conspiracy", "illusion that X/Twitter is a public square", "88% of American job growth has gone to immigrants", "propaganda", "conspiracy theories", "fake news", "voter fraud", "disinformation", "Greenland as \"Red, White, and Blueland\"", "weaponized these radicals against Arab leftist movements & countries that historically stood with Palestine", "US is the force that controls radicalism", "destroy America", "DEIA", "DEI", "false narratives", "rhetoric whitewashing"], "counts": [12, 4, 3, 2, 2, 2, 2, 2, 2, 2, 2, 2, 2, 2, 2, 1, 1, 1, 1, 1]}, "subreddit_distribution": {"labels": ["neoliberal", "politics", "socialism", "Anarchism", "worldpolitics", "democrats", "Conservative", "Liberal", "Republican", "r/Liberal", "r/Republican", "PoliticalDiscussion", "r/Conservative", "r/democrats", "r/Anarchism", "r/neoliberal", "r/politics", "r/PoliticalDiscussion", "CrimethInc", "IsraelCrimes"], "values": [983, 983, 976, 944, 928, 877, 870, 736, 699, 238, 142, 110, 100, 23, 21, 10, 10, 6, 1, 1]}, "wordcloud": {"general": [{"text": "the", "size": 13373}, {"text": "post", "size": 8744}, {"text": "a", "size": 7270}, {"text": "is", "size": 5829}, {"text": "and", "size": 5287}, {"text": "to", "size": 4619}, {"text": "of", "size": 3462}, {"text": "s", "size": 2537}, {"text": "this", "size": 2519}, {"text": "about", "size": 2515}, {"text": "political", "size": 2360}, {"text": "an", "size": 2358}, {"text": "on", "size": 2321}, {"text": "trump", "size": 2176}, {"text": "it", "size": 2128}, {"text": "article", "size": 1722}, {"text": "discusses", "size": 1596}, {"text": "content", "size": 1452}, {"text": "in", "size": 1432}, {"text": "with", "size": 1366}, {"text": "for", "size": 1365}, {"text": "image", "size": 1041}, {"text": "as", "size": 1007}, {"text": "links", "size": 933}, {"text": "which", "size": 907}, {"text": "harmful", "size": 870}, {"text": "not", "size": 869}, {"text": "comments", "size": 832}, {"text": "0", "size": 818}, {"text": "from", "size": 815}, {"text": "be", "size": 773}, {"text": "contains", "size": 729}, {"text": "politically", "size": 716}, {"text": "charged", "size": 662}, {"text": "news", "size": 659}, {"text": "that", "size": 613}, {"text": "title", "size": 602}, {"text": "upvote", "size": 577}, {"text": "has", "size": 563}, {"text": "upvotes", "size": 557}, {"text": "potential", "size": 542}, {"text": "ratio", "size": 541}, {"text": "discussing", "size": 540}, {"text": "video", "size": 538}, {"text": "potentially", "size": 528}, {"text": "discussion", "size": 511}, {"text": "reports", "size": 506}, {"text": "engagement", "size": 499}, {"text": "related", "size": 485}, {"text": "by", "size": 474}, {"text": "no", "size": 457}, {"text": "musk", "size": 437}, {"text": "or", "size": 422}, {"text": "actions", "size": 419}, {"text": "due", "size": 405}, {"text": "link", "size": 388}, {"text": "offensive", "size": 378}, {"text": "topic", "size": 377}, {"text": "could", "size": 376}, {"text": "its", "size": 374}, {"text": "downvote", "size": 372}, {"text": "marked", "size": 350}, {"text": "contain", "size": 339}, {"text": "us", "size": 329}, {"text": "does", "size": 324}, {"text": "downvotes", "size": 322}, {"text": "are", "size": 320}, {"text": "any", "size": 319}, {"text": "elon", "size": 298}, {"text": "subreddit", "size": 296}, {"text": "but", "size": 294}, {"text": "their", "size": 293}, {"text": "author", "size": 292}, {"text": "over", "size": 286}, {"text": "terms", "size": 284}, {"text": "high", "size": 282}, {"text": "context", "size": 272}, {"text": "user", "size": 271}, {"text": "democrats", "size": 264}, {"text": "how", "size": 263}, {"text": "misinformation", "size": 257}, {"text": "uses", "size": 257}, {"text": "term", "size": 255}, {"text": "likely", "size": 242}, {"text": "nature", "size": 242}, {"text": "may", "size": 238}, {"text": "against", "size": 237}, {"text": "administration", "size": 237}, {"text": "government", "size": 236}, {"text": "regarding", "size": 233}, {"text": "com", "size": 231}, {"text": "includes", "size": 229}, {"text": "self", "size": 225}, {"text": "youtube", "size": 217}, {"text": "asks", "size": 207}, {"text": "indicating", "size": 206}, {"text": "impact", "size": 206}, {"text": "within", "size": 203}, {"text": "considered", "size": 203}, {"text": "flair", "size": 203}], "bad_words": [{"text": "fuck", "size": 70}, {"text": "shit", "size": 65}, {"text": "fucking", "size": 59}, {"text": "fucks", "size": 49}, {"text": "bullshit", "size": 15}, {"text": "hell", "size": 14}, {"text": "racist", "size": 10}, {"text": "ass", "size": 8}, {"text": "idiots", "size": 8}, {"text": "damn", "size": 7}, {"text": "fucked", "size": 7}, {"text": "stupid", "size": 7}, {"text": "Fucking", "size": 7}, {"text": "disgusting", "size": 6}, {"text": "morons", "size": 6}, {"text": "fuckin", "size": 5}, {"text": "crap", "size": 4}, {"text": "kill", "size": 4}, {"text": "bitch", "size": 4}, {"text": "screwed", "size": 4}, {"text": "vile", "size": 4}, {"text": "F", "size": 4}, {"text": "asshole", "size": 3}, {"text": "bad", "size": 3}, {"text": "nazi", "size": 3}, {"text": "murder", "size": 3}, {"text": "commies", "size": 3}, {"text": "sick", "size": 3}, {"text": "Fuck", "size": 3}, {"text": "BS", "size": 3}, {"text": "woke", "size": 3}, {"text": "WTF", "size": 3}, {"text": "fascist", "size": 3}, {"text": "suck", "size": 3}, {"text": "felon", "size": 3}, {"text": "scum", "size": 3}, {"text": "lying", "size": 3}, {"text": "filthy", "size": 3}, {"text": "dick", "size": 3}, {"text": "dumb", "size": 3}, {"text": "butt", "size": 3}, {"text": "porn", "size": 3}, {"text": "fascists", "size": 3}, {"text": "tits", "size": 3}, {"text": "fuckers", "size": 2}, {"text": "terrible", "size": 2}, {"text": "killing", "size": 2}, {"text": "bastard", "size": 2}, {"text": "f*ck", "size": 2}, {"text": "evil", "size": 2}, {"text": "smug", "size": 2}, {"text": "nuts", "size": 2}, {"text": "bs", "size": 2}, {"text": "f***", "size": 2}, {"text": "crybaby", "size": 2}, {"text": "AHHH", "size": 2}, {"text": "DESTROYED", "size": 2}, {"text": "racists", "size": 2}, {"text": "deranged", "size": 2}, {"text": "Nazis", "size": 2}, {"text": "pos", "size": 2}, {"text": "rape", "size": 2}, {"text": "crooked", "size": 2}, {"text": "bastards", "size": 2}, {"text": "balls", "size": 2}, {"text": "worst", "size": 2}, {"text": "shitting", "size": 2}, {"text": "coup", "size": 2}, {"text": "cringe", "size": 2}, {"text": "pricks", "size": 2}, {"text": "assholes", "size": 2}, {"text": "slaves", "size": 2}, {"text": "hateful", "size": 2}, {"text": "awful", "size": 2}, {"text": "garbage", "size": 2}, {"text": "cunt", "size": 2}, {"text": "wtf", "size": 2}, {"text": "stupidity", "size": 2}, {"text": "insane", "size": 2}, {"text": "dumbass", "size": 2}, {"text": "coward", "size": 2}, {"text": "pissed", "size": 2}, {"text": "bigot", "size": 2}, {"text": "STFU", "size": 2}, {"text": "corrupt", "size": 2}, {"text": "hate", "size": 2}, {"text": "abuse", "size": 2}, {"text": "idiot", "size": 2}, {"text": "terrorists", "size": 2}, {"text": "despicable", "size": 2}, {"text": "monsters", "size": 2}, {"text": "die", "size": 2}, {"text": "joke", "size": 2}, {"text": "Dick", "size": 2}, {"text": "shitty", "size": 2}, {"text": "losers", "size": 2}, {"text": "Sluts", "size": 2}, {"text": "gitz", "size": 2}, {"text": "kllin", "size": 1}, {"text": "N*zis", "size": 1}], "political_words": [{"text": "Trump", "size": 2530}, {"text": "Democrats", "size": 305}, {"text": "Musk", "size": 171}, {"text": "Biden", "size": 167}, {"text": "Republicans", "size": 146}, {"text": "Republican", "size": 129}, {"text": "GOP", "size": 125}, {"text": "socialism", "size": 96}, {"text": "socialist", "size": 95}, {"text": "MAGA", "size": 81}, {"text": "Ukraine", "size": 74}, {"text": "capitalism", "size": 72}, {"text": "DEI", "size": 71}, {"text": "China", "size": 71}, {"text": "fascism", "size": 67}, {"text": "Elon Musk", "size": 64}, {"text": "conservative", "size": 64}, {"text": "Putin", "size": 61}, {"text": "government", "size": 60}, {"text": "fascist", "size": 56}, {"text": "Harris", "size": 54}, {"text": "Democratic", "size": 50}, {"text": "Russia", "size": 48}, {"text": "tariffs", "size": 47}, {"text": "Dems", "size": 46}, {"text": "Nazi", "size": 44}, {"text": "left", "size": 44}, {"text": "capitalist", "size": 44}, {"text": "leftist", "size": 43}, {"text": "Kamala Harris", "size": 43}, {"text": "democracy", "size": 42}, {"text": "conservatives", "size": 42}, {"text": "Obama", "size": 42}, {"text": "Democrat", "size": 41}, {"text": "liberal", "size": 41}, {"text": "Vance", "size": 38}, {"text": "political", "size": 36}, {"text": "trump", "size": 35}, {"text": "imperialism", "size": 34}, {"text": "DOGE", "size": 32}, {"text": "communist", "size": 31}, {"text": "ICE", "size": 31}, {"text": "Conservative", "size": 30}, {"text": "anarchist", "size": 28}, {"text": "liberals", "size": 28}, {"text": "republicans", "size": 28}, {"text": "election", "size": 27}, {"text": "far-right", "size": 27}, {"text": "Canada", "size": 26}, {"text": "Kamala", "size": 26}, {"text": "Elon", "size": 25}, {"text": "revolution", "size": 23}, {"text": "Liberals", "size": 23}, {"text": "USAID", "size": 23}, {"text": "Gaza", "size": 23}, {"text": "communism", "size": 22}, {"text": "Palestine", "size": 22}, {"text": "socialists", "size": 22}, {"text": "President", "size": 22}, {"text": "Europe", "size": 22}, {"text": "Conservatives", "size": 22}, {"text": "Liberal", "size": 22}, {"text": "immigration", "size": 21}, {"text": "Congress", "size": 21}, {"text": "democrats", "size": 21}, {"text": "racist", "size": 20}, {"text": "right wing", "size": 20}, {"text": "DNC", "size": 20}, {"text": "Marxist", "size": 20}, {"text": "Senate", "size": 20}, {"text": "authoritarian", "size": 19}, {"text": "coup", "size": 19}, {"text": "president", "size": 19}, {"text": "right", "size": 19}, {"text": "JD Vance", "size": 19}, {"text": "republican", "size": 19}, {"text": "NATO", "size": 19}, {"text": "Nazis", "size": 18}, {"text": "fascists", "size": 18}, {"text": "Israel", "size": 18}, {"text": "Supreme Court", "size": 18}, {"text": "Trump administration", "size": 18}, {"text": "right-wing", "size": 17}, {"text": "billionaires", "size": 17}, {"text": "American", "size": 17}, {"text": "woke", "size": 17}, {"text": "racism", "size": 16}, {"text": "Communist", "size": 16}, {"text": "police", "size": 16}, {"text": "Christian", "size": 16}, {"text": "Hamas", "size": 16}, {"text": "Trudeau", "size": 16}, {"text": "FBI", "size": 16}, {"text": "RFK", "size": 15}, {"text": "Left", "size": 15}, {"text": "McConnell", "size": 15}, {"text": "transgender", "size": 15}, {"text": "Hitler", "size": 15}, {"text": "Dem", "size": 15}, {"text": "leftists", "size": 14}], "misinfo": [{"text": "misinformation", "size": 12}, {"text": "fraud", "size": 4}, {"text": "coup", "size": 3}, {"text": "election fraud", "size": 2}, {"text": "conspiracy", "size": 2}, {"text": "illusion that X/Twitter is a public square", "size": 2}, {"text": "88% of American job growth has gone to immigrants", "size": 2}, {"text": "propaganda", "size": 2}, {"text": "conspiracy theories", "size": 2}, {"text": "fake news", "size": 2}, {"text": "voter fraud", "size": 2}, {"text": "disinformation", "size": 2}, {"text": "Greenland as \"Red, White, and Blueland\"", "size": 2}, {"text": "weaponized these radicals against Arab leftist movements & countries that historically stood with Palestine", "size": 2}, {"text": "US is the force that controls radicalism", "size": 2}, {"text": "destroy America", "size": 1}, {"text": "DEIA", "size": 1}, {"text": "DEI", "size": 1}, {"text": "false narratives", "size": 1}, {"text": "rhetoric whitewashing", "size": 1}, {"text": "fishy as hell", "size": 1}, {"text": "psyop", "size": 1}, {"text": "martial law", "size": 1}, {"text": "fake", "size": 1}, {"text": "State Capitalism", "size": 1}, {"text": "Trump is Hitler", "size": 1}, {"text": "designed to keep us chasing", "size": 1}, {"text": "they reap the rewards", "size": 1}, {"text": "declared themselves gods", "size": 1}, {"text": "the system wasn\t built to serve us", "size": 1}, {"text": "the system was built to enslave us", "size": 1}, {"text": "history shows us the truth", "size": 1}, {"text": "Conspiracy theories about Jews controlling media, politics, and \\\"Global Finance\\\"", "size": 1}, {"text": "reduce inflation", "size": 1}, {"text": "murder", "size": 1}, {"text": "failure", "size": 1}, {"text": "hypocrisy", "size": 1}, {"text": "climate disaster", "size": 1}, {"text": "scam artists", "size": 1}, {"text": "silence support", "size": 1}, {"text": "government has caught schizophrenia", "size": 1}, {"text": "gaslighting the population that climate change wasn\u2019t real", "size": 1}, {"text": "spying", "size": 1}, {"text": "Covid is dangerous", "size": 1}, {"text": "Blue Confederacy", "size": 1}, {"text": "Covid isnt over", "size": 1}, {"text": "missing critical code", "size": 1}, {"text": "misleads viewers", "size": 1}, {"text": "TDS", "size": 1}, {"text": "More than 20 million have reached the age of 100 years or older.", "size": 1}, {"text": "Some are between 360 and 369 years old.", "size": 1}, {"text": "falsely claims", "size": 1}, {"text": "misleading title", "size": 1}, {"text": "Republicans freeing slaves by winning a war against pro-slavery Democrats", "size": 1}, {"text": "suggests 'free speech' caused the Holocaust", "size": 1}, {"text": "duped", "size": 1}, {"text": "red pilled", "size": 1}, {"text": "bots", "size": 1}, {"text": "USAID targeted \n\n\n\n\n'election management boards'", "size": 1}, {"text": "population replacement", "size": 1}, {"text": "Unsafe vaccines", "size": 1}, {"text": "hoax", "size": 1}, {"text": "debunked", "size": 1}, {"text": "financial armageddon", "size": 1}, {"text": "LYING", "size": 1}, {"text": "Did you know Canadian Flag Sales have surged?", "size": 1}, {"text": "RFK Jr. as Trump\u2019s", "size": 1}, {"text": "media manipulation", "size": 1}, {"text": "biggest scandal of our lifetime", "size": 1}, {"text": "bribed", "size": 1}, {"text": "owned and managed by Americans to produce healthy food for Americans", "size": 1}, {"text": "deliberate", "size": 1}, {"text": "money laundering scheme", "size": 1}, {"text": "How USAID Funded Hamas", "size": 1}, {"text": "RFK", "size": 1}, {"text": "Russiagate", "size": 1}, {"text": "DOGE Identifies USAID Terrorist Funding", "size": 1}, {"text": "wants to hide", "size": 1}, {"text": "oblivious", "size": 1}, {"text": "election denial", "size": 1}, {"text": "NGO's receiving 95 million directly from the US govt", "size": 1}, {"text": "classified documents case against President Trump was a sham prosecution", "size": 1}, {"text": "Judge Smacks Down", "size": 1}, {"text": "Inserts DOGE Across Federal Agencies", "size": 1}, {"text": "allegedly", "size": 1}, {"text": "40th out of 40", "size": 1}, {"text": "president can't control inflation", "size": 1}, {"text": "attempted assassination of a presidential candidate", "size": 1}, {"text": "Google pandered to Trump and renamed the Gulf of Mexico to the Gulf of America", "size": 1}, {"text": "fox cut audio to the parts of the crowed that booed at the Super Bowl", "size": 1}, {"text": "make Canada the 51st state", "size": 1}, {"text": "Greenland, he said it has a lot of resources for China &amp; Russia to take in the future, so America might as well go in first to take it from Denmark", "size": 1}, {"text": "Elon Musk now controls the Treasury payment system and could withhold funding for life-saving programs.", "size": 1}, {"text": "Musk has broken into the Treasury", "size": 1}, {"text": "replace the entire banking system with X", "size": 1}, {"text": "We aren't out numbered at all", "size": 1}, {"text": "Videos are being taken down, ppl are being shadow banned, won appealed videos are being surpassed , keywords are being censored", "size": 1}, {"text": "Musk is set to take up residence IN the white house", "size": 1}, {"text": "winning the information war", "size": 1}, {"text": "convicted felon", "size": 1}]}, "summaries": {"general": "This social media content spans a wide range of topics and themes, reflecting the diverse interests and concerns of its users. Here's a breakdown of the key areas:\n\n**1. Politics & Ideology:**\n\n*   **Anarchism:** This is a central theme, with discussions on anarchist philosophy, influential figures (e.g., Durruti, Malatesta), and practical applications of anarchist principles.\n*   **Socialism/Communism:** These ideologies are frequently discussed, often in relation to anarchism, and sometimes critiqued or defended. There are discussions on Marxist theory, historical events (e.g., Russian Revolution, Chinese Revolution), and contemporary socialist movements.\n*   **Anti-Fascism:** A strong anti-fascist sentiment is evident, with content celebrating resistance against Nazis and warnings about the rise of fascism.\n*   **Critique of Capitalism & Neoliberalism:** Many posts express dissatisfaction with capitalism, consumerism, and neoliberal policies, often linking them to social and environmental problems.\n*   **US Politics:** There's significant engagement with US politics, particularly regarding Donald Trump, his policies, and the actions of both Democrats and Republicans. Topics include elections, government spending, and potential civil unrest.\n*   **International Relations:** Discussions on international conflicts (e.g., Ukraine, Palestine, Syria), imperialism, and the role of various countries (e.g., US, Russia, China) are common.\n*   **DEI (Diversity, Equity, and Inclusion):** There are debates about DEI policies, their effectiveness, and potential for misuse.\n\n**2. Activism & Social Justice:**\n\n*   **Mutual Aid:** A strong emphasis on mutual aid projects, with regular calls for promotion and requests for assistance.\n*   **Prison Abolition:** Discussions on prison abolition and related issues.\n*   **Anti-Racism & Decolonization:** Content addressing racial solidarity, decolonization, and the legacy of slavery.\n*   **LGBTQ+ Rights:** Support for LGBTQ+ rights and discussions on gender identity are present.\n*   **Palestinian Solidarity:** Strong support for Palestinian liberation and criticism of the Israeli government.\n*   **Environmentalism:** Concerns about climate change and environmental issues are frequently expressed.\n*   **Anti-War & Anti-Imperialism:** Opposition to war, militarism, and imperialism is a recurring theme.\n*   **Community Organizing:** Resources and discussions related to community organizing and building local power.\n\n**3. Community & Identity:**\n\n*   **Radical Gender Non-Conforming People:** A dedicated discussion thread for this community.\n*   **Radical BIPOC (Black, Indigenous, People of Color):** A dedicated discussion thread for this community.\n*   **Radical Women:** A dedicated discussion thread for this community.\n*   **Vegan Anarchists:** A specific user identifies with this intersectional identity.\n*   **Anarchists Abroad:** A user's experience as an anarchist living abroad.\n*   **Ex-Muslims:** Discussions about the challenges faced by ex-Muslims within the anarchist community.\n*   **Deaf and Disabled Community Members:** Analysis for Deaf and Disabled Community Members.\n*   **Xbox Anarchists:** A user is looking for other anarchists who play Xbox to connect with.\n\n**4. Practical Considerations & Resources:**\n\n*   **Finding Local Groups & Protests:** Users seek information on local anarchist groups and upcoming protests.\n*   **Self-Defense & Security:** Discussions on self-defense, protest safety, and digital security.\n*   **Education & Learning:** Requests for book recommendations, documentaries, and intellectual debate content.\n*   **Alternative Media & Platforms:** Seeking alternative ways to stay informed and connect with the community, expressing exhaustion with mainstream social media.\n*   **Mutual Aid Resources", "bad_words": "Okay, let's break down the potential impact of this language on community sentiment and platform health.\n\n**I. Categories of Offensive Language & Their Severity**\n\nHere's a breakdown of the types of words present, roughly categorized by severity:\n\n*   **Strong Profanity:** (fuck, shit, damn, hell, balls, etc.) These are common swear words, but their frequency and intensity can still be jarring and contribute to a negative atmosphere.\n*   **Insults & Derogatory Terms:** (asshole, fuckhead, moron, idiot, scoundrel, fool, jerk, etc.) These directly attack individuals or groups, fostering hostility.\n*   **Slurs & Hate Speech:** (N\\*zi, Klan, f-slur, c-word, j\\*\\*\\*, etc.) These target specific groups based on race, religion, sexual orientation, etc.  They are extremely harmful and often illegal.\n*   **Sexually Explicit & Degrading Language:** (cunt, whore, pussy, d\\--k, tits, boobies, sluts, etc.) This language is often misogynistic and can contribute to a hostile environment, especially for women.\n*   **Violent & Threatening Language:** (kill, murder, assassination, terrorize, death, war, genocide, unalive, etc.) This language can incite violence, create fear, and violate platform policies.\n*   **Ableist Language:** (retard, stupid, dumb, etc.) These terms are offensive to people with disabilities.\n*   **Political Slurs:** (commie, leftoid, Libtard, christrofascist, woke, etc.) While political disagreement is normal, these terms are used to demean and dismiss opposing viewpoints, often with hateful undertones.\n*   **Conspiracy Theory & Misinformation Related Terms:** (S.C.A.M, fake news, sha\\*ow ba\\*ned, etc.) These terms often accompany and amplify harmful narratives.\n*   **Terms Related to Sexual Violence:** (rape, assault, pedophiles, etc.) These terms are extremely sensitive and can be triggering for survivors. Their presence can also normalize or trivialize sexual violence.\n\n**II. Impact on Community Sentiment**\n\n*   **Increased Toxicity:** The sheer volume of offensive language creates a hostile and unwelcoming environment.  It normalizes aggression and discourages constructive dialogue.\n*   **Polarization & Division:**  Hate speech and political slurs deepen existing divisions within the community.  People are less likely to engage with those holding different views, leading to echo chambers and increased animosity.\n*   **Erosion of Trust:**  When users witness unchecked abuse, they lose faith in the platform's ability to protect them and maintain a safe space.\n*   **Decreased Engagement:**  Many users will simply leave a platform if they find the environment too toxic.  This leads to a decline in overall activity and participation.\n*   **Emotional Distress:**  Exposure to hate speech, threats, and graphic content can cause significant emotional distress, anxiety, and even trauma for users.\n*   **Radicalization:**  Unmoderated hate speech and extremist content can contribute to the radicalization of vulnerable individuals.\n\n**III. Impact on Platform Health**\n\n*   **Reputational Damage:**  A platform known for hosting hate speech and abuse will suffer reputational damage, making it difficult to attract new users and advertisers.\n*   **Loss of Users:**  As mentioned above, toxicity drives users away, leading to a decline in user base and activity.\n*   **Decreased Monetization:**  Advertisers are hesitant to associate their brands with platforms that host offensive content, leading to a decrease in revenue.\n*   **Legal Liability:**  Platforms can be held legally liable for hosting illegal content", "political": "Okay, this is a *massive* list of terms, and analyzing them all individually would be impractical. Instead, I'll focus on the key themes, categories, and potential impacts on social media:\n\n**I. Key Themes and Categories:**\n\n*   **Ideologies:** This is the dominant theme.  We see a wide range of political ideologies represented, often in their most extreme or caricatured forms:\n    *   **Left-Wing:** Socialism, Communism, Marxism, Anarchism (various types), Democratic Socialism, Anti-Capitalism, Anti-Imperialism, Feminism, Queer Theory, Abolitionism, Anti-Fascism.\n    *   **Right-Wing:** Fascism, Nazism, Nationalism, Conservatism, Libertarianism (though often conflated with right-wing ideologies), White Supremacy, Christian Nationalism, Anti-Immigration.\n    *   **Centrist/Moderate:** Liberalism, Democrats, Republicans (though often portrayed as extreme by opposing sides), Centrism.\n*   **Political Figures:**  Donald Trump is the most prominent, often associated with negative terms like \"fascist,\" \"Nazi,\" \"authoritarian,\" and \"racist.\"  Joe Biden, Kamala Harris, Elon Musk, and other political figures (both domestic and international) are also mentioned, often with similarly charged labels.\n*   **Political Organizations/Movements:**  MAGA, Antifa, Proud Boys, Black Lives Matter, DSA, various socialist/communist parties (PSL, etc.), specific historical groups (Paris Commune, Kronstadt Rebels), and international groups (PKK, YPG, EZLN).\n*   **Geopolitical Entities:**  USA, China, Russia, Ukraine, Israel, Palestine, Iran, and other countries are frequently mentioned, often in the context of conflict or ideological struggle.\n*   **Social Issues:**  Abortion, LGBTQ+ rights, immigration, climate change, healthcare, racial justice, economic inequality, censorship, free speech, and election integrity.\n*   **Economic Systems:** Capitalism, Socialism, Communism, Neoliberalism, Statism.\n*   **Historical Events/Figures:**  Holocaust, Stalin, Mao, Robespierre, French Revolution, various wars and revolutions.\n*   **Conspiracy Theories/Buzzwords:** Deep State, New World Order, Cultural Marxism, Project 2025, DEI (Diversity, Equity, and Inclusion) used pejoratively, \"Woke,\" \"Grooming,\" \"Great Replacement.\"\n*   **Tactics/Actions:** Protests, Activism, Revolution, Censorship, Propaganda, Violence, Deportation, Boycotts, Elections, Lobbying, Lawfare.\n*   **Institutions:** Government, Police, Courts, Media, Corporations, Unions, Schools, Military.\n*   **Slang/Pejoratives:** \"Libs,\" \"Snowflakes,\" \"MAGAts,\" \"Drumpf,\" \"Cuckerberg,\" \"Dummiecrats,\" \"Nazis,\" \"Commies,\" \"Tankies,\" \"Bootlickers,\" \"Karen,\" \"NPC.\"\n\n**II. Potential Effects on User Engagement:**\n\n*   **Increased Engagement (Initially):**  Highly charged terms and emotionally resonant keywords (especially those related to identity, fear, and anger) tend to drive engagement. People are more likely to react (like, share, comment) when they feel strongly about something, whether positively or negatively.\n*   **Algorithmic Amplification:** Social media algorithms often prioritize content that generates high engagement. This can create echo chambers where users are repeatedly exposed to content that confirms their existing biases, further intensifying their feelings.\n*   **\"Outrage Economy\":**  The focus on extreme or controversial terms can create an \"outrage economy\" where users are constantly seeking out content that confirms their negative perceptions of the"}, "stats": {"total_posts": 8658, "exceptional_posts": 2, "bad_words_count": 828, "political_words_count": 10285, "misinfo_count": 274, "unique_subreddits": 20}, "time_series": {"dates": [], "counts": []}}